{
    "status": [
        1,
        1,
        1,
        1
    ],
    "t": [
        1553461864.9564857,
        1553461878.8139935,
        1553461883.1168087,
        1553461887.6495461
    ],
    "value": [
        0.0,
        0.0,
        1.0,
        1.0
    ]
}